<!DOCTYPE vfs SYSTEM "vfs.dtd">
<vfs>

	<!-- SCP vfs -->
	<!-- ****************************** -->
	
	<tags>
		<tag value="sagecollegeproject" label="SCP" visible="true"/>
		
	</tags>
        <sorts>
        <item name="channelnumber" label="Channel Number" class="SageCollegeProject.ChannelNumberSorter">
         <tag value="epg"/>
        </item>
        </sorts>

	<!-- SCP views                 -->
	<!-- ****************************** -->
	<views>
         <view name="sagecollegeproject.currentlyairing" label="Current Airings" flat="true" visible="true">
         <description>Current Airings</description>
         <tag value="epg"/>
         <tag value="primary"/>
         <source name="expression">
            <option name="expression">
               GetAiringsOnViewableChannelsAtTime(java_lang_System_currentTimeMillis(), java_lang_System_currentTimeMillis() + 1000, false)
            </option>
         </source>
            <presentation>
            <sort by="channelnumber"/>
            </presentation>
         </view>
         <view name="sagecollegeproject.todo" label="Schedule Recordings" flat="true" visible="true">
         <description>Recordings grouped by tile, sorted by date</description>
         <view-source name="phoenix.view.primary.scheduledrecordings"/>
         <presentation level="1">
            <group by="show">
            
            </group>
            <sort by="favoritepriority"/>
         </presentation>
         <presentation level="3">
            <sort by="starttime"/>
         </presentation>
      </view>
       <view name="sagecollegeproject.upcomingairings" label="Future Airings (72 hours)" flat="true" visible="true">
         <description>Upcomming Airings</description>
         <tag value="epg"/>
         <tag value="primary"/>
         <source name="expression">
            <option name="expression">
               GetAiringsOnViewableChannelsAtTime(java_lang_System_currentTimeMillis(), java_lang_System_currentTimeMillis() + (GetProperty("SageCollegeProject_DaysToShowGuide",3)*24 * 60 * 60 * 1000), true)
            </option>
         </source>
       </view>
      <view name="sagecollegeproject.allTVseasons" label="TV Shows(Seasons)" flat="true">
			<description>All TV Shows, Grouped by Show Then Season Then Episode</description>
			<tag value="sagecollegeproject"/>
			<view-source name="phoenix.view.primary.recordedtvarchived"/>			
			<view-source name="phoenix.view.primary.recordedtv"/>
			<view-source name="phoenix.view.primary.importedtv"/>
                     		
			<presentation level="1">
				<group by="show">
					<option name="prune-single-item-groups" value="false"/>
					<option name="empty-foldername" value="No Series"/>
				</group>
				<sort by="title">
					<option name="folders-first" value="false"/>
					<option name="ignore-all" value="true"/>
				</sort>
			</presentation>		
			
			<presentation level="2">
				<group by="season">
					<option name="prune-single-item-groups" value="false"/>
					<option name="empty-foldername" value="No Season"/>
				</group>
				<sort by="title">
					<option name="folders-first" value="false"/>
					<option name="ignore-all" value="true"/>
				</sort>
			</presentation>

			<presentation level="3">
				<sort by="seasonepisode"/>
			</presentation>
		</view>		
	</views>
</vfs>
