<?xml version="1.0" encoding="UTF-8"?>
<PluginRepository><SageTVPlugin>
    <Name>SageCollegeProject_API</Name>
    <Identifier>sagecollegeproject_api</Identifier>
    <Description>SageTV Dependency JAR Plugin for SageCollegeProject-UI do not download independently</Description>
    <Author>colleproject</Author>
    <CreationDate>2016-10-19</CreationDate>
    <ModificationDate>2016.11.5</ModificationDate>
    <Version beta="true">1.18</Version>
    <Desktop>false</Desktop>
    <Dependency>
    <Plugin>phoenix-core</Plugin>
    <MinVersion>3.0.2</MinVersion>
     </Dependency>
     <Dependency>
    <Plugin>sagex-api</Plugin>
    <MinVersion>9.0.0.7</MinVersion>
    </Dependency>
    <PluginType>Standard</PluginType>
    <Package>
        <PackageType>JAR</PackageType>
        <Location>https://github.com/sagecollegeproject/SageCollegeProject/raw/master/ZippedProject/SageCollegeProject_Jar_1.18.zip</Location>
        <MD5>0aa19c8715ecd2c5946b62dda8191a00</MD5>
    </Package>
    <ImplementationClass>SageCollegeProject.SCP_plugin</ImplementationClass>
</SageTVPlugin><SageTVPlugin>
  <Name>SageCollegeProject_UI</Name>
  <Identifier>SageCollegeProjectSTVi</Identifier>
  <Description>Sage College Project was written by a college student for Sagetv. It is a very simplte UI meant for use on Nvidia shield or like mini client. Options are limited. </Description>
  <Author>CollegeProject</Author>
  <CreationDate>2016-10-19</CreationDate>
  <ModificationDate>2016.11.5</ModificationDate>
  <Version beta="true">1.01</Version> 
   <ReleaseNotes>*A1.04 Initial Alpha release</ReleaseNotes>
  <Webpage>https://forums.sagetv.com/forums/showthread.php?t=63441</Webpage>
  <Dependency>
  <Core/>
  <MinVersion>9.0.0</MinVersion>
  </Dependency>
  <Dependency>
    <Plugin>phoenix-core</Plugin>
    <MinVersion>3.0.2</MinVersion>
  </Dependency>
  <Dependency>
    <Plugin>sagex-api</Plugin>
    <MinVersion>9.0.0.7</MinVersion>
  </Dependency>

  <Dependency>
    <Plugin>sagecollegeproject_api</Plugin>
    <MinVersion>1.04</MinVersion>
  </Dependency>

<PluginType>STVI</PluginType>

  <Package>
    <PackageType>STVI</PackageType>
    <Location>https://github.com/sagecollegeproject/SageCollegeProject/raw/master/ZippedProject/SageCollegeProjectSTVi_Beta1.01.zip</Location>
    <MD5>97eeb673a37d49e4593dfda835860807</MD5>
  </Package>
   <Package>
    <PackageType>System</PackageType>
    <Location>https://github.com/sagecollegeproject/SageCollegeProject/raw/master/ZippedProject/SageCollegeProjectVFS1.01.zip</Location>
   <MD5>2688d8533a6046fb44b3880871372591</MD5>
    </Package>
<STVImport>SageCollegeProject_PublicBeta_1.01.stvi</STVImport>
</SageTVPlugin>
</PluginRepository>
